{
    "model": "tabular_image",
    "mae": 98098.2265625,
    "rmse": 158572.16986596354,
    "r2": 0.8212625980377197
}