{
    "model": "tabular",
    "mae": 114270.8046875,
    "rmse": 178425.33703485053,
    "r2": 0.773705244064331
}